[{"info": {"category": "1", "tweet_id_tweet": "454413459505954816", "task_id": 8854}, "user_id": 18, "task_id": 8854, "created": "2016-07-26T21:09:22.894915", "finish_time": "2016-07-26T21:18:45.323536", "calibration": null, "user_ip": null, "timeout": null, "project_id": 49, "id": 14834}, {"info": {"category": "1", "tweet_id_tweet": "454421198646956032", "task_id": 8855}, "user_id": 18, "task_id": 8855, "created": "2016-07-26T21:09:23.096776", "finish_time": "2016-07-26T21:18:51.296372", "calibration": null, "user_ip": null, "timeout": null, "project_id": 49, "id": 14835}, {"info": {"category": "1", "tweet_id_tweet": "454413459505954816", "task_id": 8854}, "user_id": 16, "task_id": 8854, "created": "2016-08-01T15:27:35.513518", "finish_time": "2016-08-01T15:28:35.644087", "calibration": null, "user_ip": null, "timeout": null, "project_id": 49, "id": 14836}, {"info": {"category": "2", "tweet_id_tweet": "454421198646956032", "task_id": 8855}, "user_id": 16, "task_id": 8855, "created": "2016-08-01T15:27:35.693444", "finish_time": "2016-08-01T15:29:46.515981", "calibration": null, "user_ip": null, "timeout": null, "project_id": 49, "id": 14837}, {"info": {"category": "3", "tweet_id_tweet": "454725672519614464", "task_id": 8856}, "user_id": 16, "task_id": 8856, "created": "2016-08-01T15:28:35.857433", "finish_time": "2016-08-01T15:29:56.835455", "calibration": null, "user_ip": null, "timeout": null, "project_id": 49, "id": 14838}, {"info": {"category": "1", "tweet_id_tweet": "451566076506034176", "task_id": 8857}, "user_id": 16, "task_id": 8857, "created": "2016-08-01T15:29:46.712836", "finish_time": "2016-08-01T15:30:05.743557", "calibration": null, "user_ip": null, "timeout": null, "project_id": 49, "id": 14839}, {"info": {"category": "3", "tweet_id_tweet": "454269916892639232", "task_id": 8858}, "user_id": 16, "task_id": 8858, "created": "2016-08-01T15:29:57.036238", "finish_time": "2016-08-01T15:30:19.297914", "calibration": null, "user_ip": null, "timeout": null, "project_id": 49, "id": 14840}, {"info": {"category": "2", "tweet_id_tweet": "451334002960769024", "task_id": 8859}, "user_id": 16, "task_id": 8859, "created": "2016-08-01T15:30:06.845302", "finish_time": "2016-08-01T15:30:36.401425", "calibration": null, "user_ip": null, "timeout": null, "project_id": 49, "id": 14841}, {"info": {"category": "1", "tweet_id_tweet": "454415948624035841", "task_id": 8860}, "user_id": 16, "task_id": 8860, "created": "2016-08-01T15:30:19.492616", "finish_time": "2016-08-01T15:30:42.651849", "calibration": null, "user_ip": null, "timeout": null, "project_id": 49, "id": 14842}, {"info": {"category": "1", "tweet_id_tweet": "452034909943910400", "task_id": 8861}, "user_id": 16, "task_id": 8861, "created": "2016-08-01T15:30:36.594747", "finish_time": "2016-08-01T15:34:00.654652", "calibration": null, "user_ip": null, "timeout": null, "project_id": 49, "id": 14843}, {"info": {"category": "1", "tweet_id_tweet": "451887015760764928", "task_id": 8862}, "user_id": 16, "task_id": 8862, "created": "2016-08-01T17:00:42.355048", "finish_time": "2016-08-01T17:00:48.984605", "calibration": null, "user_ip": null, "timeout": null, "project_id": 49, "id": 14844}, {"info": {"category": "3", "tweet_id_tweet": "452274107699441664", "task_id": 8863}, "user_id": 16, "task_id": 8863, "created": "2016-08-01T17:00:45.904827", "finish_time": "2016-08-01T17:00:53.276703", "calibration": null, "user_ip": null, "timeout": null, "project_id": 49, "id": 14845}, {"info": {"category": "3", "tweet_id_tweet": "455139295632699392", "task_id": 8864}, "user_id": 16, "task_id": 8864, "created": "2016-08-01T17:00:49.178803", "finish_time": "2016-08-01T17:00:58.492076", "calibration": null, "user_ip": null, "timeout": null, "project_id": 49, "id": 14846}, {"info": {"category": "1", "tweet_id_tweet": "454447009932406784", "task_id": 8865}, "user_id": 16, "task_id": 8865, "created": "2016-08-01T17:00:53.496710", "finish_time": "2016-08-01T17:01:07.300706", "calibration": null, "user_ip": null, "timeout": null, "project_id": 49, "id": 14847}, {"info": {"category": "1", "tweet_id_tweet": "452272855628406784", "task_id": 8866}, "user_id": 16, "task_id": 8866, "created": "2016-08-01T17:00:58.844042", "finish_time": "2016-08-01T17:01:14.670209", "calibration": null, "user_ip": null, "timeout": null, "project_id": 49, "id": 14848}, {"info": {"category": "1", "tweet_id_tweet": "452237029770674176", "task_id": 8867}, "user_id": 16, "task_id": 8867, "created": "2016-08-01T17:01:07.529351", "finish_time": "2016-08-01T17:01:21.459181", "calibration": null, "user_ip": null, "timeout": null, "project_id": 49, "id": 14849}, {"info": {"category": "1", "tweet_id_tweet": "454065701569835008", "task_id": 8868}, "user_id": 16, "task_id": 8868, "created": "2016-08-01T17:01:14.863922", "finish_time": "2016-08-01T17:01:25.153208", "calibration": null, "user_ip": null, "timeout": null, "project_id": 49, "id": 14850}, {"info": {"category": "1", "tweet_id_tweet": "451843288962965505", "task_id": 8869}, "user_id": 16, "task_id": 8869, "created": "2016-08-01T17:01:21.673486", "finish_time": "2016-08-01T17:01:28.515477", "calibration": null, "user_ip": null, "timeout": null, "project_id": 49, "id": 14851}, {"info": {"category": "1", "tweet_id_tweet": "453667440430284801", "task_id": 8870}, "user_id": 16, "task_id": 8870, "created": "2016-08-01T17:01:25.344922", "finish_time": "2016-08-01T17:01:32.053880", "calibration": null, "user_ip": null, "timeout": null, "project_id": 49, "id": 14852}, {"info": {"category": "1", "tweet_id_tweet": "451333062832693248", "task_id": 8871}, "user_id": 16, "task_id": 8871, "created": "2016-08-01T17:01:28.736346", "finish_time": "2016-08-01T17:01:37.065071", "calibration": null, "user_ip": null, "timeout": null, "project_id": 49, "id": 14853}, {"info": {"category": "1", "tweet_id_tweet": "454424270815633408", "task_id": 8872}, "user_id": 16, "task_id": 8872, "created": "2016-08-01T17:01:32.274417", "finish_time": "2016-08-01T17:01:41.943349", "calibration": null, "user_ip": null, "timeout": null, "project_id": 49, "id": 14854}, {"info": {"category": "2", "tweet_id_tweet": "451493199694270466", "task_id": 8873}, "user_id": 16, "task_id": 8873, "created": "2016-08-01T17:01:37.255239", "finish_time": "2016-08-01T17:01:57.183285", "calibration": null, "user_ip": null, "timeout": null, "project_id": 49, "id": 14855}, {"info": {"category": "1", "tweet_id_tweet": "452122673473392640", "task_id": 8874}, "user_id": 16, "task_id": 8874, "created": "2016-08-01T17:01:42.159210", "finish_time": "2016-08-01T17:02:14.077794", "calibration": null, "user_ip": null, "timeout": null, "project_id": 49, "id": 14856}, {"info": {"category": "1", "tweet_id_tweet": "451245141206908928", "task_id": 8875}, "user_id": 16, "task_id": 8875, "created": "2016-08-01T17:01:57.404864", "finish_time": "2016-08-01T17:03:47.429802", "calibration": null, "user_ip": null, "timeout": null, "project_id": 49, "id": 14857}, {"info": {"category": "1", "tweet_id_tweet": "454787067810029568", "task_id": 8876}, "user_id": 16, "task_id": 8876, "created": "2016-08-01T17:02:14.270100", "finish_time": "2016-08-01T17:03:52.004806", "calibration": null, "user_ip": null, "timeout": null, "project_id": 49, "id": 14858}, {"info": {"category": "1", "tweet_id_tweet": "451396241310879744", "task_id": 8877}, "user_id": 16, "task_id": 8877, "created": "2016-08-01T17:03:47.662683", "finish_time": "2016-08-01T17:03:55.031631", "calibration": null, "user_ip": null, "timeout": null, "project_id": 49, "id": 14859}, {"info": {"category": "1", "tweet_id_tweet": "455121228131741696", "task_id": 8878}, "user_id": 16, "task_id": 8878, "created": "2016-08-01T17:03:52.221800", "finish_time": "2016-08-01T17:03:57.933872", "calibration": null, "user_ip": null, "timeout": null, "project_id": 49, "id": 14860}, {"info": {"category": "1", "tweet_id_tweet": "451334385711591424", "task_id": 8879}, "user_id": 16, "task_id": 8879, "created": "2016-08-01T17:03:55.251538", "finish_time": "2016-08-01T17:04:02.674388", "calibration": null, "user_ip": null, "timeout": null, "project_id": 49, "id": 14861}, {"info": {"category": "1", "tweet_id_tweet": "453537458282455040", "task_id": 8880}, "user_id": 16, "task_id": 8880, "created": "2016-08-01T17:03:58.127493", "finish_time": "2016-08-01T17:04:07.550490", "calibration": null, "user_ip": null, "timeout": null, "project_id": 49, "id": 14862}, {"info": {"category": "1", "tweet_id_tweet": "451528591520432130", "task_id": 8881}, "user_id": 16, "task_id": 8881, "created": "2016-08-01T17:04:02.891177", "finish_time": "2016-08-01T17:04:12.940090", "calibration": null, "user_ip": null, "timeout": null, "project_id": 49, "id": 14863}, {"info": {"category": "1", "tweet_id_tweet": "451459987630751745", "task_id": 8882}, "user_id": 16, "task_id": 8882, "created": "2016-08-01T17:04:28.595823", "finish_time": "2016-08-01T17:04:31.941155", "calibration": null, "user_ip": null, "timeout": null, "project_id": 49, "id": 14864}, {"info": {"category": "1", "tweet_id_tweet": "451351239423315970", "task_id": 8883}, "user_id": 16, "task_id": 8883, "created": "2016-08-01T17:04:29.126797", "finish_time": "2016-08-01T17:04:54.114742", "calibration": null, "user_ip": null, "timeout": null, "project_id": 49, "id": 14865}, {"info": {"category": "3", "tweet_id_tweet": "455359013522538496", "task_id": 8884}, "user_id": 16, "task_id": 8884, "created": "2016-08-01T17:04:32.151725", "finish_time": "2016-08-01T17:12:05.274247", "calibration": null, "user_ip": null, "timeout": null, "project_id": 49, "id": 14866}, {"info": {"category": "1", "tweet_id_tweet": "452983244011487233", "task_id": 8885}, "user_id": 16, "task_id": 8885, "created": "2016-08-01T17:04:54.314048", "finish_time": "2016-08-01T17:12:08.795542", "calibration": null, "user_ip": null, "timeout": null, "project_id": 49, "id": 14867}, {"info": {"category": "3", "tweet_id_tweet": "451367659209515008", "task_id": 8886}, "user_id": 16, "task_id": 8886, "created": "2016-08-01T17:12:05.475662", "finish_time": "2016-08-01T17:12:16.738752", "calibration": null, "user_ip": null, "timeout": null, "project_id": 49, "id": 14868}, {"info": {"category": "1", "tweet_id_tweet": "451563429564645376", "task_id": 8887}, "user_id": 16, "task_id": 8887, "created": "2016-08-01T17:12:08.995100", "finish_time": "2016-08-01T17:14:51.106440", "calibration": null, "user_ip": null, "timeout": null, "project_id": 49, "id": 14869}]